date,price,market_cap,volume,token,name,tvl_usd,volume_to_marketcap,price_change_%,market_cap_trend,tvl_trend
2024-10-01,0.0134613790294939,165305127.6235823,9092712.384415964,one,Harmony,2634860,0.0550056281685408,-8.420909468932136,-8.564928738949584,23.020823606312455
2024-10-02,0.0121455248468715,149560961.08831742,11174696.158497252,one,Harmony,1842384,0.0747166645438876,-9.775032556021168,-9.524306209736013,-30.076588509446424
2024-10-03,0.0119236929929288,146643939.90552562,9106831.216488851,one,Harmony,1865328,0.062101653995084,-1.826449303257716,-1.9503894342249304,1.2453429903863666
2024-10-04,0.0116460532341304,143344448.1709698,7483248.730726948,one,Harmony,2356479,0.0522046638444031,-2.32847121242582,-2.250002104881721,26.33054347546384
2024-10-05,0.0124254208806992,152630716.2591814,6518061.02721155,one,Harmony,2370917,0.0427047791359588,6.6921181871701485,6.478289328049658,0.6126937689663325
2024-10-06,0.0120971686511098,148937179.29249996,4380708.578729678,one,Harmony,2384378,0.0294131297473167,-2.64177956417756,-2.419917207496736,0.5677550078724725
2024-10-07,0.0126619819016768,155652622.92626324,5192779.804259224,one,Harmony,2442659,0.0333613382584576,4.668970623263702,4.50891017653472,2.444285260139112
2024-10-08,0.0130237157099714,160262371.41182756,9018972.988613866,one,Harmony,1961149,0.0562762981051723,2.8568498289093918,2.9615617128071703,-19.712534578097063
2024-10-09,0.0129791459397016,159719741.50954852,6958149.363240163,one,Harmony,2462881,0.0435647422007891,-0.3422200796017294,-0.3385884643405501,25.583573711125474
2024-10-10,0.0122340294027188,150607403.30863965,6351473.870658781,one,Harmony,1789556,0.0421723881504198,-5.740874942345576,-5.705204700925536,-27.33891730863164
2024-10-11,0.0122100980580394,150067523.23653576,7244207.943896082,one,Harmony,1806156,0.0482729893028073,-0.1956129406892937,-0.3584684817900418,0.9276043890216412
2024-10-12,0.0125147294336241,153825462.19574282,6459924.048266287,one,Harmony,2457561,0.0419951544825916,2.494913424419054,2.504165377130807,36.065821556941934
2024-10-13,0.013328260203235,164093333.31594613,10597143.947863037,one,Harmony,2438877,0.064579978562927,6.500586160697375,6.675013988995815,-0.7602659710176041
2024-10-14,0.0130703503589904,160709030.85670575,6930934.563862974,one,Harmony,1952468,0.0431272251902437,-1.935060092704932,-2.0624253227425338,-19.94397421436177
2024-10-15,0.0138324318953001,170285106.23521253,8775430.75284645,one,Harmony,2569229,0.0515337538723149,5.83061291685667,5.958641731244807,31.58878916325389
2024-10-16,0.0138317264985735,169845578.71586633,11129188.25363099,one,Harmony,2447037,0.0655253338813661,-0.0050995857553859,-0.2581127199340005,-4.755979322979775
2024-10-17,0.0137224131414807,168870956.29418567,12156481.77299724,one,Harmony,2555871,0.071986811940709,-0.7903088389153767,-0.5738285500566986,4.447582933972805
2024-10-18,0.0133602861372317,164386240.40128833,8114695.319778994,one,Harmony,2506540,0.0493635921106898,-2.6389455011696428,-2.6557058663685407,-1.9301052361406332
2024-10-19,0.0140181351249317,172501145.2842464,7998128.018612836,one,Harmony,2519602,0.0463656516913761,4.923913911295386,4.9364866932588125,0.5211167585596144
2024-10-20,0.0142130755130174,174897950.59236228,9109071.278848138,one,Harmony,2026668,0.0520822070698747,1.3906299685971124,1.389443127560952,-19.56396287985166
2024-10-21,0.0151854451449739,186694011.80781505,10963924.3528164,one,Harmony,2114849,0.0587267060504478,6.841373853715682,6.744539415985496,4.351033321688602
2024-10-22,0.0142399437706303,175346977.4822794,8332894.5775528755,one,Harmony,2078437,0.0475223165930818,-6.2263658741446015,-6.077878029219486,-1.7217304876140038
2024-10-23,0.0138924365749427,170922638.7321151,7619522.240063552,one,Harmony,2518526,0.0445787772560985,-2.440369156543265,-2.5231907693484046,21.17403606652499
2024-10-24,0.0131051948995892,161164380.82512963,8459683.319263924,one,Harmony,2426473,0.0524910236117436,-5.666692600010991,-5.709166427204215,-3.655034730632123
2024-10-25,0.0137256144813403,168642676.6798236,8409148.419346645,one,Harmony,1961177,0.0498637034521921,4.734149980253188,4.6401666524616525,-19.175816091916133
2024-10-26,0.0120412360309334,148092152.2339786,8387715.449129139,one,Harmony,1937180,0.0566384870676803,-12.271789016780964,-12.185838632567004,-1.223601949237629
2024-10-27,0.0120885730227661,148744103.13952237,9235150.292358687,one,Harmony,2397252,0.0620875053022847,0.393124025731284,0.440233257271938,23.74957412321004
2024-10-28,0.0123154114880776,151550591.7210196,7005402.377482277,one,Harmony,2381804,0.046224843452793,1.876470158093668,1.8867898103259504,-0.6444045098304207
2024-10-29,0.0124051665531349,152441705.42011058,8530996.465446508,one,Harmony,2342863,0.0559623525723235,0.7288028105610911,0.5879975056325648,-1.6349372156567066
2024-10-30,0.0126652550013234,155748546.92372993,10152320.651364474,one,Harmony,2497597,0.0651840473114401,2.096613915455814,2.169249874570811,6.60448348879128
2024-10-31,0.0126003882605907,155055149.22883198,8717066.364272181,one,Harmony,2390849,0.0562191349827888,-0.5121629270468775,-0.4452033155965873,-4.274028195901902
2024-11-01,0.0119089151692892,146644277.3722777,9245105.648937926,one,Harmony,2220342,0.0630444352456242,-5.487712576795301,-5.424438916337704,-7.131650723236804
2024-11-02,0.0119279724417936,146782059.71065515,9234757.547670936,one,Harmony,1822907,0.0629147565163957,0.1600252603493723,0.0939568463538931,-17.899719953052273
2024-11-03,0.0116012595407552,142759013.4790156,5434289.436724992,one,Harmony,1714696,0.0380661739269008,-2.7390480874496803,-2.7408296624056194,-5.93617776441695
2024-11-04,0.0109380807426412,134741034.5174578,8598925.090234092,one,Harmony,1632368,0.0638181614162979,-5.716437907317163,-5.616443239667213,-4.801317551332717
2024-11-05,0.0106668077941028,131250093.55848436,6966436.457648508,one,Harmony,1559249,0.05307757327079,-2.480078131813268,-2.590852127175225,-4.479320839418566
2024-11-06,0.0111244072718134,136728153.30320758,7328210.009751697,one,Harmony,1956549,0.0535969354716632,4.289938344661692,4.173756830338737,25.48021515485981
2024-11-07,0.0125427448639127,154247640.67269856,14259377.069552876,one,Harmony,2226983,0.0924447013086583,12.749781246259897,12.813372334986385,13.821989635833296
2024-11-08,0.0126231543080446,155431326.21933544,8777719.080039164,one,Harmony,2247213,0.0564732946282178,0.6410833115426673,0.7673929672276536,0.9084038809456628
2024-11-09,0.0128151033282529,157698572.31357786,10402316.228019947,one,Harmony,1747502,0.0659632872727301,1.5206105821424565,1.4586802733980608,-22.236921911719097
2024-11-10,0.0137836344995244,169404360.69768646,11389800.404718742,one,Harmony,2294734,0.0672343991489369,7.557732048372845,7.42288798964652,31.315100068555
2024-11-11,0.0145529696484262,178745102.12209556,19398350.11463947,one,Harmony,2529419,0.1085252120720433,5.581511530419592,5.513873070291431,10.227111290458948
2024-11-12,0.0162809544468558,199362966.80148607,25918357.867457237,one,Harmony,2605941,0.1300058796439622,11.873760752441996,11.534785812092952,3.0252797183859315
2024-11-13,0.0149787367489131,184863537.2959583,24071396.483578403,one,Harmony,2430086,0.1302117055406181,-7.998411285981167,-7.272880083072519,-6.748234131164132
2024-11-14,0.0139030286498573,171168897.08752984,23015307.426114637,one,Harmony,1864671,0.134459635002178,-7.181567558651825,-7.407972609819735,-23.26728354469759
2024-11-15,0.0130337518178054,160387385.7599933,14444108.649730569,one,Harmony,2245176,0.0900576350271398,-6.252427826657403,-6.298756088860724,20.406012642444704
2024-11-16,0.0138835184749887,170752955.19058266,13394519.785341332,one,Harmony,2370795,0.0784438534044186,6.51973943544355,6.462833334100582,5.595062480625135
2024-11-17,0.0149362026927826,183904596.58610576,17236669.17219782,one,Harmony,2400058,0.0937261465573398,7.582258198383318,7.702145699817686,1.2343116971311296
2024-11-18,0.0138698392075052,170686822.26753756,19320307.72284868,one,Harmony,2355581,0.1131915602281568,-7.139455102552694,-7.187299591165752,-1.853163548547576
2024-11-19,0.0161170800036027,198263193.57278892,37972900.75680167,one,Harmony,2469705,0.1915277368053721,16.202356512406336,16.156122036197786,4.844834459099467
2024-11-20,0.0152744883992714,187896299.44695133,21238581.48552724,one,Harmony,2423803,0.1130335272596654,-5.22794205987015,-5.2288546043376405,-1.8586025456481687
2024-11-21,0.0142517816408096,175344694.12438273,16495912.224486465,one,Harmony,2360161,0.0940770538102789,-6.695522178736768,-6.680070528005411,-2.62570844247656
2024-11-22,0.0155921345422944,192125780.39462823,21756238.47738123,one,Harmony,2441496,0.1132395581305835,9.404809414471616,9.570341637108037,3.4461632066626
2024-11-23,0.0172072641859982,211598550.37964445,59927577.43724381,one,Harmony,2626872,0.2832135538250303,10.358617925741331,10.135427918636909,7.592721839396832
2024-11-24,0.0208917430297092,256814486.96802577,127995667.22728217,one,Harmony,3077722,0.4983973791292312,21.41234541345105,21.368736462162,17.162998425503794
2024-11-25,0.0244362473073087,300703944.81628066,253659741.0858825,one,Harmony,3329737,0.8435530875421656,16.966053395157175,17.089946274611556,8.188361391964571
2024-11-26,0.0245544630874707,302256522.72382784,92048540.051177,one,Harmony,2635508,0.3045378118614891,0.4837722366912711,0.5163144462556835,-20.849364379228756
2024-11-27,0.0231180782884715,284477804.2995885,58244753.02907188,one,Harmony,3089931,0.2047426974926076,-5.849791110815006,-5.88199661136305,17.242330510854064
2024-11-28,0.0240171187660373,295556738.90072155,40637587.925440125,one,Harmony,3239181,0.137495047741376,3.88890662254624,3.89448119807112,4.830204946324046
2024-11-29,0.0242313763543292,298053505.0097955,31542572.37626317,one,Harmony,3184638,0.1058285571083169,0.8921036298280782,0.8447671057544737,-1.6838515661829367
2024-11-30,0.0268697960364293,331165844.7134202,66975152.61003367,one,Harmony,3404692,0.2022405199062473,10.888443328678951,11.1095287077857,6.909859142546182
2024-12-01,0.0285016382035123,351060717.3151625,125479469.58601078,one,Harmony,3699189,0.3574295368210121,6.073146833234766,6.007525510053324,8.64973982962336
2024-12-02,0.0293576178585077,361010761.2250024,60994820.53833381,one,Harmony,3742850,0.1689556852304421,3.0032647558128733,2.8342800601376616,1.1802857328998329
2024-12-03,0.0297541672185991,365850185.01682335,69200818.10597253,one,Harmony,3738415,0.1891506986740771,1.35075455373328,1.3405206469191189,-0.1184925925431179
2024-12-04,0.0303903325256757,373998192.2549272,94711778.90414186,one,Harmony,3789101,0.2532412745984178,2.1380712906625243,2.227143123551833,1.3558152318562833
2024-12-05,0.0329905650860719,405706583.75398976,109014857.84748718,one,Harmony,4247482,0.2687036942777124,8.5561175028253,8.478220525047142,12.097355019040146
2024-12-06,0.0319801743479611,393722008.2808455,78600424.99212164,one,Harmony,4002496,0.199634318983904,-3.062665751479643,-2.954000736752005,-5.7677937187255885
2024-12-07,0.0402388239660855,495361952.28262913,132789241.31254265,one,Harmony,4403386,0.268065079888856,25.82427953101767,25.81515431295953,10.016000015990013
2024-12-08,0.0455787612290141,564271390.9412786,325032065.3885767,one,Harmony,4893120,0.5760208130459717,13.270609666498531,13.91092681646513,11.12175948236198
2024-12-09,0.0429042186246948,527915521.5608853,151306160.0840231,one,Harmony,4665581,0.2866105539701823,-5.867958084426483,-6.442975838230414,-4.650182296775885
2024-12-10,0.0343911847038882,422877383.613428,160309741.90130922,one,Harmony,3961676,0.3790927302176459,-19.841950730473517,-19.89677015687881,-15.087188498067016
2024-12-11,0.0340060902284918,418459430.766754,119276019.25651336,one,Harmony,3725518,0.2850360405020884,-1.1197476292603703,-1.044736138150315,-5.961062944067108
2024-12-12,0.0356776576982275,439132910.98101145,91077320.6693155,one,Harmony,3904564,0.2074026300280048,4.915494426157818,4.940378611225693,4.805935711490328
2024-12-13,0.0357000307025746,439072759.5028654,104814320.5838622,one,Harmony,4088858,0.2387174296636778,0.0627087252652147,-0.0136977841200036,4.719963611814282
2024-12-14,0.0346417560343194,426210320.20992064,62518255.948923066,one,Harmony,3965363,0.1466840500674198,-2.9643522636490727,-2.929455087923938,-3.0202809684268805
2024-12-15,0.0324667289823642,399115351.04838926,41541761.25461114,one,Harmony,3849964,0.1040845989649107,-6.27862816711835,-6.357182798433025,-2.910174932282361
2024-12-16,0.0343386488488748,423132689.19417405,49541594.97679875,one,Harmony,3876048,0.1170828826086379,5.765655873517095,6.017643291017616,0.6775128286913956
2024-12-17,0.0329120682198873,405033726.15423125,54923313.71439645,one,Harmony,3868640,0.1356018281141418,-4.154446015817037,-4.277372914489542,-0.1911225041588804
2024-12-18,0.0315471032123325,388021962.2162376,42338468.92338228,one,Harmony,3895931,0.1091135890390344,-4.147308514419024,-4.200085780391493,0.7054417056123086
2024-12-19,0.0278280445200798,342583305.78870976,42208906.7424796,one,Harmony,3515022,0.1232077162817507,-11.788907105736568,-11.71033107713776,-9.77709820836149
2024-12-20,0.0253168087852429,311962527.8990965,54371281.73732942,one,Harmony,3124310,0.1742878611206653,-9.024118575866469,-8.938199080984644,-11.115492307018284
2024-12-21,0.026849164874726,330390414.6154134,55542836.81183804,one,Harmony,3296270,0.1681127367950185,6.052722136039335,5.907083405311231,5.503935268907378
2024-12-22,0.0251609820908678,308369894.9170587,42422742.06565257,one,Harmony,2729236,0.1375709586600951,-6.287654724960867,-6.664999565434549,-17.202292287949717
2024-12-23,0.0254842478871006,314302150.7784147,29593353.808634337,one,Harmony,3126402,0.094155747058498,1.2847900573412785,1.9237467596996185,14.55227763374072
2024-12-24,0.0304939553417477,375344972.2952976,53803628.14591247,one,Harmony,3559037,0.1433444753952457,19.65805495551931,19.421700222445672,13.838111669580556
2024-12-25,0.0324648492240744,399274778.40060353,60588274.24021262,one,Harmony,3095828,0.1517458089461957,6.46322807336337,6.375416715713844,-13.015009397204912
2024-12-26,0.0321687966586648,395519376.6870789,31749632.209205125,one,Harmony,3712737,0.080273266192782,-0.9119172658595076,-0.9405557066659354,19.92710835356486
2024-12-27,0.0295647681536982,364059042.4234128,32947435.2046086,one,Harmony,2942140,0.0905002523362395,-8.09488938177375,-7.954182808231025,-20.75549655146593
2024-12-28,0.0284079597736577,349535013.3299078,31250995.92050663,one,Harmony,3386045,0.0894073404057248,-3.912793680730364,-3.9894707728789336,15.087827227800176
2024-12-29,0.0299397513103532,368691166.3843577,20609555.62289237,one,Harmony,2848565,0.0558992389891084,5.392120901677355,5.480467570889513,-15.873386207212247
2024-12-30,0.0281750862784019,346779424.29733384,16384727.804880548,one,Harmony,2738005,0.0472482698132402,-5.894053740323102,-5.943115562519619,-3.881252490288967
2024-12-31,0.0274468418848855,337565748.49664223,24099576.942675903,one,Harmony,3071022,0.0713922459550591,-2.584710429350645,-2.656926897944112,12.162760842292109
2024-10-01,0.5993456187848386,173914565.71482372,10937673.631041052,kda,Kadena,527192,0.0628910729017148,-4.704665212934467,-4.725327160446624,-3.048893743873804
2024-10-02,0.5632068058842024,164684442.43867078,20639711.8803926,kda,Kadena,488744,0.1253288505869576,-6.029711700221818,-5.307274429956621,-7.292978649144899
2024-10-03,0.5442142857687687,159079210.8569706,9002423.601435708,kda,Kadena,469539,0.0565908238602582,-3.3722106901063587,-3.403619369684896,-3.929460003601071
2024-10-04,0.5248496433344696,153727298.80113274,13284446.655616255,kda,Kadena,441193,0.0864156643564101,-3.558275286166779,-3.364306389883853,-6.036985213155887
2024-10-05,0.5373779473959142,157121049.88946873,7357221.098674693,kda,Kadena,452804,0.0468251778094045,2.387027260197772,2.2076437397929416,2.631728064588512
2024-10-06,0.5290500032801365,154634425.88455865,7638819.330914972,kda,Kadena,447012,0.0493992155189148,-1.5497368576686377,-1.5826167191852147,-1.2791406436338917
2024-10-07,0.5391973707256364,157785233.1585279,7328787.666267655,kda,Kadena,453821,0.0464478678996809,1.9180356077092453,2.037584616714949,1.5232253272842833
2024-10-08,0.5324223338808538,155841059.81749234,10988749.91204461,kda,Kadena,454822,0.0705125460832574,-1.2565040581828169,-1.2321643173555108,0.2205715469314917
2024-10-09,0.5241956973711244,153528532.21028236,7436498.429807894,kda,Kadena,442476,0.0484372404448079,-1.5451336253618495,-1.4839013607313878,-2.7144685173540406
2024-10-10,0.5029502465378286,147214255.35421506,7521333.061394256,kda,Kadena,424428,0.0510910648109249,-4.052961697290359,-4.112770939162546,-4.078865294388844
2024-10-11,0.5036143237059948,147079648.78754675,6885931.035571327,kda,Kadena,422743,0.0468177011050515,0.1320363540404878,-0.0914358234835543,-0.397004910137877
2024-10-12,0.5304964409398901,154863706.51874903,7032240.820640724,kda,Kadena,450646,0.0454092245285976,5.337838097231895,5.292409789777364,6.600464111765314
2024-10-13,0.5621691513551031,164539508.10587135,17867782.34185715,kda,Kadena,467115,0.108592656849079,5.970390745524679,6.247946536105209,3.654531494787472
2024-10-14,0.556511194254021,163594601.65938672,9209330.541051129,kda,Kadena,471248,0.056293609004443,-1.0064510098862112,-0.5742732899606251,0.8847928240369063
2024-10-15,0.5975649859843851,175145084.00801387,21957305.449504565,kda,Kadena,502011,0.1253663816707518,7.376992979520391,7.060430008977869,6.527985264658942
2024-10-16,0.5971374506405115,174999572.55667573,13899064.751004914,kda,Kadena,502026,0.0794234211429489,-0.071546250851584,-0.0830805227347908,0.0029879823350453
2024-10-17,0.581441141186717,170365975.99734682,8476970.628512645,kda,Kadena,493310,0.0497574153459177,-2.628592367964544,-2.6477759297544923,-1.7361650591802058
2024-10-18,0.5676652718509001,166410567.23665166,8870708.05179003,kda,Kadena,478587,0.0533061583713914,-2.369262915881809,-2.32171285231082,-2.984533052238958
2024-10-19,0.5973623166486558,175145024.2622459,7483250.51653918,kda,Kadena,500445,0.0427260240367117,5.231435895475345,5.248739410384329,4.567194679337305
2024-10-20,0.590403928494179,173136964.0911964,4005432.76170795,kda,Kadena,496364,0.0231344749674492,-1.164852211219991,-1.146512828159374,-0.8154742279371407
2024-10-21,0.6055787660360542,177624240.6398646,10198532.371687302,kda,Kadena,515797,0.0574163319992171,2.570246708990997,2.591749585203895,3.91507039188983
2024-10-22,0.598931641199016,175703545.42469287,10608146.045807982,kda,Kadena,637378,0.0603752532151075,-1.0976482680442046,-1.0813249409273862,23.57148257938686
2024-10-23,0.5736416410788547,168320777.18153688,9717632.091816297,kda,Kadena,616172,0.0577328138244969,-4.222518628258243,-4.201832254045357,-3.3270680820486453
2024-10-24,0.5597985321676301,164144996.27170888,8648217.339388525,kda,Kadena,598932,0.052686451221901,-2.413198052566368,-2.48084697548916,-2.797920061281589
2024-10-25,0.569432131878644,166860406.28196368,8185782.387779666,kda,Kadena,614527,0.0490576678445046,1.720904782245691,1.6542752273483785,2.603801433217789
2024-10-26,0.5235187149721542,153231329.3054139,11699386.585733326,kda,Kadena,591928,0.0763511394097131,-8.063018283674028,-8.167951451298228,-3.6774625036816944
2024-10-27,0.5316305825409523,155996390.42340165,8587873.45656172,kda,Kadena,571242,0.0550517446798142,1.5494895095067518,1.804501162080596,-3.4946817856225776
2024-10-28,0.539657931664993,158502848.58083665,8015683.454126595,kda,Kadena,587582,0.0505712264851731,1.5099487101877471,1.606741124350397,2.8604339316786964
2024-10-29,0.5422184778038629,159109387.70102707,9492715.151741264,kda,Kadena,711752,0.0596615654732985,0.4744757722674242,0.382667646431023,21.13236960968852
2024-10-30,0.5640212316607225,165456544.1871012,9656584.793027451,kda,Kadena,733851,0.0583632689808123,4.021027454683379,3.989177871767491,3.104873607661096
2024-10-31,0.5626380998468322,165360184.86173075,7328062.210029062,kda,Kadena,728896,0.0443157596621978,-0.2452269056995804,-0.0582384491612852,-0.6752051847037088
2024-11-01,0.532309780821353,156543077.64917383,7066111.211392751,kda,Kadena,689130,0.0451384457077591,-5.390377763918853,-5.332061777706365,-5.455647993678115
2024-11-02,0.5128465279912636,151683048.18770814,9034737.468024308,kda,Kadena,675378,0.0595632641614888,-3.6563770817920505,-3.1045955748726373,-1.9955596186496003
2024-11-03,0.50706918453283,150004989.2996872,4489322.951297385,kda,Kadena,664529,0.0299278242160892,-1.1265248262599226,-1.106292962905342,-1.6063596978284744
2024-11-04,0.4936327830882849,146146131.3780094,11570959.388423922,kda,Kadena,643760,0.0791739013501181,-2.64981620938457,-2.572486381748529,-3.125371503726704
2024-11-05,0.4699694972638625,139134182.75656012,11149153.33478166,kda,Kadena,615157,0.0801323809425687,-4.793702248942855,-4.7979023155342855,-4.443115446750346
2024-11-06,0.4927338114108953,146518429.91691095,10373665.80854321,kda,Kadena,647404,0.0708010986360282,4.84378545406996,5.307284675880752,5.242076413013264
2024-11-07,0.5490994009210441,162778485.0092981,13466572.438036682,kda,Kadena,725473,0.0827294371075357,11.439358981424784,11.097617618212286,12.058776281888894
2024-11-08,0.5442013898936088,161266510.45034608,11228542.745212236,kda,Kadena,710022,0.069627244453023,-0.892008080726292,-0.9288540551692924,-2.1297829140436653
2024-11-09,0.54476982223629,161463664.87368506,20270065.794920903,kda,Kadena,712601,0.1255394878518236,0.1044525709117172,0.1222537914340682,0.3632281816619676
2024-11-10,0.5799520983085812,173663371.35440788,13544985.58855938,kda,Kadena,756562,0.0779956388207914,6.458191081118869,7.555697741821232,6.16909041665672
2024-11-11,0.6081495675593191,180181228.55344135,24616636.13330113,kda,Kadena,794101,0.1366215356112964,4.862034180577202,3.7531559753795296,4.961787665782835
2024-11-12,0.637476133979837,188920754.9960114,25918101.23352288,kda,Kadena,813959,0.1371903327089185,4.822262151433221,4.850408953659624,2.5006894588975426
2024-11-13,0.6267333400485341,185774573.71444985,35795908.58238183,kda,Kadena,819090,0.192684649285768,-1.685207235011987,-1.6653444358868952,0.6303757314557679
2024-11-14,0.6181768202584514,183429032.04939413,29562226.29419568,kda,Kadena,800839,0.1611643803813733,-1.3652568394430742,-1.2625741069716925,-2.228204470815176
2024-11-15,0.5890102032718737,174113014.84393823,28295163.467725087,kda,Kadena,771046,0.1625103298170256,-4.718167364215242,-5.078812825522228,-3.720223415692792
2024-11-16,0.6503856526127219,193047183.0437332,40842074.1000645,kda,Kadena,848802,0.2115652425283619,10.420099516089133,10.874642666297008,10.084482637871162
2024-11-17,0.6659464756539031,197332707.2987764,34590985.6467279,kda,Kadena,851755,0.1752927131048507,2.3925532457043763,2.219936176987569,0.3479021020214468
2024-11-18,0.6376778225802185,189364062.95964947,43483441.57461224,kda,Kadena,837891,0.2296287948990505,-4.244883651636888,-4.038177172049751,-1.6276981056759232
2024-11-19,0.72439598844094,214944227.53181085,46757058.92093764,kda,Kadena,944712,0.2175311217139701,13.599056261645748,13.508457820538045,12.748794294245911
2024-11-20,0.6953324492399116,206536394.0803279,33601018.35264921,kda,Kadena,901978,0.1626881233318173,-4.012106591531461,-3.911634914800688,-4.523494991066057
2024-11-21,0.6597583442933543,196082867.0208809,21246711.319328684,kda,Kadena,869017,0.1083557765251673,-5.1161289805249694,-5.061348681908973,-3.65430198962724
2024-11-22,0.695175851385029,206355108.22307464,25292137.18265028,kda,Kadena,1063616,0.1225660823249836,5.3682545128867165,5.238724503706815,22.393002668532368
2024-11-23,0.7346386859744325,217893135.07194555,34487580.98879205,kda,Kadena,1116458,0.1582775013880299,5.676669365136888,5.591345398824843,4.9681463987002905
2024-11-24,0.8267680282855921,245357679.5470622,49777805.718695626,kda,Kadena,1276618,0.2028785314997557,12.540769233920535,12.604593745483616,14.345367223845408
2024-11-25,0.8716505237181253,259503446.08309853,44284666.09912512,kda,Kadena,1282655,0.1706515530623983,5.428668489467681,5.76536530755829,0.4728900892827736
2024-11-26,0.9302225553250858,276600705.0071764,128219944.21533316,kda,Kadena,1366803,0.4635561005240622,6.719669180844945,6.588451591738376,6.560454681890304
2024-11-27,0.9469501591370628,281510735.4233942,97554195.78203423,kda,Kadena,1373925,0.3465381014166724,1.798236746273174,1.7751330084608383,0.5210699713126266
2024-11-28,1.2046688512468702,358447871.58719003,77298631.77462521,kda,Kadena,1743994,0.2156481817909828,27.21565539887141,27.33008957831815,26.93516749458669
2024-11-29,1.153128394026879,342815578.1562769,110768484.44642524,kda,Kadena,1636528,0.3231139175242788,-4.278392121340657,-4.361106501119427,-6.162062484159925
2024-11-30,1.2305353647981143,365615356.5547426,67949835.76542507,kda,Kadena,1750810,0.1858506065109743,6.712779875354524,6.650741638138791,6.983198576498539
2024-12-01,1.184684711866261,352499779.7868676,47504838.64686696,kda,Kadena,1671356,0.1347655838979243,-3.7260735646858953,-3.587260910336332,-4.538128066437819
2024-12-02,1.1738117514911095,349481325.1989679,38097202.292738415,kda,Kadena,1673801,0.109010695409973,-0.9177935923578184,-0.8562997088181867,0.1462884029494571
2024-12-03,1.1704561649528409,348627026.1946344,59102614.74049809,kda,Kadena,1652326,0.1695296414211495,-0.2858709272595017,-0.2444476836772624,-1.2830079561429342
2024-12-04,1.689487977185588,502800491.7977936,263608279.89341044,kda,Kadena,2301575,0.5242800756834248,44.34440415405556,44.223038955415326,39.29303297291214
2024-12-05,1.6238940487968294,483264391.5096465,139171215.947548,kda,Kadena,2219634,0.287981523970342,-3.882473818963028,-3.885457672941928,-3.5602142011448734
2024-12-06,1.709764893187497,509720369.06033325,84676054.61556919,kda,Kadena,2371372,0.1661225639690818,5.287958561969641,5.474431391073997,6.836172089632786
2024-12-07,1.773063545574438,528754715.7638378,86404418.37285982,kda,Kadena,2383382,0.1634111541644412,3.7021845891884064,3.734272330257138,0.5064578648984686
2024-12-08,1.8531507836804744,552642862.711243,72443580.5360503,kda,Kadena,2470978,0.1310857072877863,4.516884818140543,4.517812557547862,3.6752815956485385
2024-12-09,1.7674757749199903,526955364.8978244,43919272.80356171,kda,Kadena,2361792,0.0833453376304036,-4.623207648021377,-4.648118983641059,-4.418736225089825
2024-12-10,1.4569533821509308,435562409.9612544,135078192.9478988,kda,Kadena,1982472,0.3101236237532865,-17.568693001357616,-17.343585628792468,-16.060686123079428
2024-12-11,1.3380864315868168,398971153.6738371,90110840.56923482,kda,Kadena,1849686,0.2258580344455211,-8.15859670050858,-8.400921532845828,-6.698001283246368
2024-12-12,1.4829139373749818,441887769.8306396,65613536.61652762,kda,Kadena,2016885,0.1484846178061797,10.823479139267269,10.756821830755015,9.03931802478908
2024-12-13,1.3689693381819386,408181251.7689268,61862364.77077829,kda,Kadena,1872112,0.151556115090261,-7.683830890061305,-7.627845883725491,-7.1780493186274885
2024-12-14,1.402427341093626,418379711.8444473,40683211.47608528,kda,Kadena,1908577,0.0972399242227386,2.444028655610464,2.498512616962101,1.947800131616062
2024-12-15,1.289681151612761,385119428.62785584,28766031.028902408,kda,Kadena,1772022,0.074693793380908,-8.039360484297497,-7.949783958204359,-7.154806958273097
2024-12-16,1.4291053165621033,426412841.42794526,38211220.02539749,kda,Kadena,1930720,0.0896108566933352,10.810746886933307,10.72223568341226,8.955757885624438
2024-12-17,1.3094398782433754,390909858.2977537,41768462.26059567,kda,Kadena,1758721,0.106849344865539,-8.373451342732285,-8.325964811777563,-8.90854189110798
2024-12-18,1.2358240827353475,368613467.6122719,30095670.97868312,kda,Kadena,1957653,0.0816456088097666,-5.621930165040034,-5.70371665288082,11.31117442732532
2024-12-19,1.1039670980035197,328843844.8153382,31997094.25257345,kda,Kadena,1941836,0.0973017885450809,-10.669559411722927,-10.78897715119992,-0.8079572835431037
2024-12-20,0.9993143841034056,299387370.5479965,35782624.50213739,kda,Kadena,1757145,0.119519485530205,-9.479695009876144,-8.957587235328345,-9.511153362075886
2024-12-21,1.0277614950839575,306845771.2203989,39992939.44306697,kda,Kadena,1834184,0.1303356382719745,2.8466628153336337,2.491220875065836,4.384327986591896
2024-12-22,0.9747420234124706,291130653.91887087,18920963.987185203,kda,Kadena,1735661,0.0649913148357709,-5.158733025618534,-5.121503626732505,-5.37148944707837
2024-12-23,0.962629107933926,288471324.9893385,14317083.779468298,kda,Kadena,1736709,0.0496308732938964,-1.242679107661604,-0.9134486161919032,0.0603804544781594
2024-12-24,1.0313224940549717,308315897.35111177,16524302.210127551,kda,Kadena,1860155,0.0535953622634955,7.136017969421382,6.879218363387296,7.108041704165746
2024-12-25,1.1062003808410783,330295455.6636967,19995398.945251543,kda,Kadena,1957528,0.0605379171962046,7.260375606828906,7.128908532262446,5.234671304273042
2024-12-26,1.0741118027357617,321154429.5435772,14394633.726543196,kda,Kadena,1902510,0.0448215325785814,-2.9007925382306343,-2.7675300896137123,-2.810585595710513
2024-12-27,0.971853132646151,290555392.8082048,18546294.90935504,kda,Kadena,1744733,0.0638304962441272,-9.520300384853575,-9.527826466183145,-8.293097013944738
2024-12-28,0.992226410595262,296728913.7937743,19299416.733623568,kda,Kadena,1782008,0.0650405667815594,2.0963330018434867,2.1247311660274937,2.136430044023929
2024-12-29,1.0342835911361226,309493175.5512683,13287253.48739999,kda,Kadena,1849612,0.0429322987937707,4.238667716537536,4.301657561542882,3.793697895856818
2024-12-30,0.9654386795413838,288814211.1526535,9418682.133480957,kda,Kadena,1739839,0.0326115605457609,-6.656289646741387,-6.681557472723421,-5.934920404928167
2024-12-31,0.9488190226628062,283122201.97936445,18859495.24801223,kda,Kadena,1713584,0.0666125620532819,-1.7214616765170998,-1.970820324447442,-1.5090476762505078
2024-10-01,0.3608748891688989,390646716.4132989,17030007.639533486,kava,Kava,149653320,0.0435943959695695,-7.092248841098192,-7.112433767157822,-2.6076688358827598
2024-10-02,0.334299615753538,362260819.0001079,31017615.926689893,kava,Kava,139569324,0.085622331480128,-7.364123748417139,-7.26638577019526,-6.738237414311953
2024-10-03,0.3192069654697984,345653171.86026865,21290133.4646746,kava,Kava,136789203,0.0615939189855928,-4.514707637255144,-4.584444761561224,-1.991928398248888
2024-10-04,0.3102653631840747,335937937.6352456,14445935.459719794,kava,Kava,137822859,0.0430017983720698,-2.801192722271495,-2.8106885791722047,0.7556561317196842
2024-10-05,0.3348345838054936,362577213.1761947,9904527.220326532,kava,Kava,141083957,0.0273170151360654,7.918776485160661,7.929820528300513,2.366151757162438
2024-10-06,0.3303813623249494,357501865.66464734,12084873.413595423,kava,Kava,141678453,0.0338036653071107,-1.3299765603457026,-1.3997977057319977,0.42137746391675
2024-10-07,0.3434071935013844,371922086.2950034,4768348.663024874,kava,Kava,135873133,0.0128208268310333,3.942665253502797,4.03360709839844,-4.097532036152318
2024-10-08,0.3356844459626223,363497490.4337394,21011035.82777965,kava,Kava,136734785,0.0578024233474307,-2.2488601534582986,-2.265150732291199,0.6341592196891455
2024-10-09,0.329999870663491,357451801.48423487,34276234.58523241,kava,Kava,137283045,0.095890507315695,-1.6934282679764825,-1.6631996392301396,0.4009660014457905
2024-10-10,0.3281900891474543,355382190.70063263,28721826.927431315,kava,Kava,136672420,0.0808195449265662,-0.5484188561643899,-0.5789901673480591,-0.444792727317489
2024-10-11,0.3233686788660068,349860270.7110167,22924695.478966523,kava,Kava,134546266,0.0655252893744606,-1.4690907619947402,-1.55379761116603,-1.5556569496610997
2024-10-12,0.3442162989280797,372389227.8967118,42392816.89027546,kava,Kava,136088726,0.1138400730056396,6.447012782803085,6.439415695846162,1.1464160588447792
2024-10-13,0.3478788026851855,376552581.6915025,26951406.78878589,kava,Kava,138618638,0.0715740857962469,1.0640122993917478,1.1180113394540614,1.85901659480594
2024-10-14,0.3408742748132787,368818085.7603265,12140695.0696946,kava,Kava,142179791,0.0329178409043208,-2.0134966022191114,-2.054028124420804,2.569028993056466
2024-10-15,0.359810255241408,389501057.0578384,12229658.312338565,kava,Kava,139565670,0.0313982673236302,5.555121588011236,5.607905928711054,-1.838602365085762
2024-10-16,0.3792188757767037,410670713.8475749,56286249.34414572,kava,Kava,143557726,0.1370593213643108,5.394126557697443,5.435070433350031,2.860342375026748
2024-10-17,0.3695265825331331,400217510.18177056,17941661.51936657,kava,Kava,149431912,0.0448297764663466,-2.555857279972995,-2.5453978852955528,4.091863366517812
2024-10-18,0.3604479465521895,390312746.54132414,11958999.494693886,kava,Kava,148701765,0.0306395309931999,-2.456828929250199,-2.4748451500654967,-0.4886151761211432
2024-10-19,0.3661999392291561,396541317.6438075,10460621.196913058,kava,Kava,145231297,0.0263796500679137,1.5957901083877737,1.5957898269212345,-2.3338445243067607
2024-10-20,0.3689376653898906,399423535.0022569,10400336.556894347,kava,Kava,146388653,0.0260383669100409,0.747604209464714,0.7268391035706312,0.7969053667543857
2024-10-21,0.3837580229770498,415417370.4881504,29579416.11766628,kava,Kava,148635323,0.0712040906785096,4.017035661430013,4.004229617016231,1.534729607765439
2024-10-22,0.3666646402874082,396747426.967568,23919875.320885204,kava,Kava,145991613,0.0602899318181098,-4.454208554921568,-4.494261638275654,-1.778655266218243
2024-10-23,0.3643178400264093,394263607.3773059,11519863.326436743,kava,Kava,142664226,0.029218682908799,-0.6400399719916794,-0.6260455447049784,-2.2791631187744965
2024-10-24,0.3488507799718369,377630525.3338553,19286276.76780841,kava,Kava,140626830,0.0510718161641138,-4.2454852206664455,-4.218771840012359,-1.4281057396967944
2024-10-25,0.3509622956115522,379673975.0834402,16073375.949033652,kava,Kava,141894831,0.0423346792349969,0.6052776031877372,0.5411240915385029,0.9016778661653736
2024-10-26,0.320133264136852,345651316.3422075,10103484.05572326,kava,Kava,140168773,0.0292302779652094,-8.784143442240854,-8.961019446685958,-1.2164347269281397
2024-10-27,0.3219513015223593,348557957.04466164,9348717.570545187,kava,Kava,139448666,0.0268211279691064,0.5679001806978778,0.8409170065409199,-0.5137428148850209
2024-10-28,0.3286173293417437,355952615.10932434,10134698.134244706,kava,Kava,136838219,0.0284720429182182,2.070508113451908,2.121500288606293,-1.8719770327526808
2024-10-29,0.3268544123077892,354069842.0815637,21318985.722978808,kava,Kava,141614597,0.0602112441930814,-0.5364650237666524,-0.5289392317520569,3.490529206610038
2024-10-30,0.3479926172749262,376694485.6525224,18658360.070961963,kava,Kava,144958004,0.0495318110076428,6.467162189394515,6.389881566289102,2.360919757445634
2024-10-31,0.3505271437734662,379821557.6301274,17586193.92581551,kava,Kava,145574956,0.0463012000570569,0.7283276634968416,0.8301347900509182,0.4256074055765779
2024-11-01,0.3269241192926264,354055406.30922127,12096126.035571376,kava,Kava,141421815,0.0341645003014217,-6.733579667112366,-6.783751686363571,-2.852922723878415
2024-11-02,0.3222004227820102,348842330.62302685,12727033.203558628,kava,Kava,136180507,0.0364836262297306,-1.4448907963220736,-1.472389799251217,-3.706152406543506
2024-11-03,0.3179985860270541,344041372.0531869,6272834.361322888,kava,Kava,135150938,0.0182327907945708,-1.3041065305488209,-1.3762545850629635,-0.7560325796114098
2024-11-04,0.3055246324939128,331438440.24445826,10960978.053636417,kava,Kava,132609836,0.0330709318012477,-3.922644339078929,-3.66320240310527,-1.8801956076693995
2024-11-05,0.294240887723295,318655400.0549884,9954688.789858336,kava,Kava,132385635,0.0312396676414098,-3.6932356905273744,-3.8568369378161216,-0.169068152682128
2024-11-06,0.311112666606666,336889675.7527627,9354291.530404983,kava,Kava,135585861,0.0277666316413624,5.734002168739116,5.722255356296402,2.417351399190704
2024-11-07,0.3426915176793244,371099658.01873374,14997053.615501009,kava,Kava,143091306,0.0404124695117448,10.150294238126612,10.154654395249896,5.535566131043712
2024-11-08,0.3418620240855859,369973942.515804,13447760.631524775,kava,Kava,141964424,0.0363478588250855,-0.2420525606690593,-0.3033458745124839,-0.7875265321849789
2024-11-09,0.3438391967839795,372142621.12576574,18180664.771422774,kava,Kava,142038746,0.048854024611383,0.5783540022270994,0.586170635481742,0.0523525527775792
2024-11-10,0.3569995876229681,387012619.4516107,23526264.86249215,kava,Kava,145545018,0.0607893998284304,3.827484173439588,3.995779435545921,2.4685320722276805
2024-11-11,0.3740998343536732,405070426.05278784,24094923.115302444,kava,Kava,152520425,0.0594832936832629,4.789990611631989,4.665947747844679,4.792611314253303
2024-11-12,0.4010726283535329,435063498.327369,24234683.6535032,kava,Kava,154068145,0.0557037851869326,7.2100523771843505,7.404409294168635,1.0147624490293603
2024-11-13,0.4110664894859849,444405632.327373,67041347.26197853,kava,Kava,157557093,0.1508562051990202,2.491783389327362,2.1473035627949777,2.2645485866010784
2024-11-14,0.3874587230363137,420043991.7802935,63957547.13234904,kava,Kava,152298001,0.1522639256456795,-5.743053022685308,-5.481847837863008,-3.3378960603189123
2024-11-15,0.3790882777709657,408627362.3495225,47216286.38583271,kava,Kava,153095263,0.1155485186169346,-2.160345029724242,-2.7179604170466387,0.5234881579305739
2024-11-16,0.3985598956384302,431284384.041458,17882636.35960642,kava,Kava,156116555,0.0414636769178441,5.136433651274408,5.5446658201404375,1.9734719029157688
2024-11-17,0.4240181291196425,458506088.8876357,41945515.54680336,kava,Kava,163593403,0.0914830065802742,6.38755523568979,6.3117761396992655,4.789272989017723
2024-11-18,0.4460245296831147,482446505.0633494,91555678.79027136,kava,Kava,166343142,0.1897737424344059,5.189966902868637,5.221395474549695,1.6808373379212591
2024-11-19,0.4747062247431651,513070357.9732988,66383440.38072232,kava,Kava,170781441,0.1293846727823965,6.430519657837608,6.347616282540636,2.6681586909065302
2024-11-20,0.4616093823443153,499859232.4203605,55267893.69510947,kava,Kava,170565928,0.1105669158644878,-2.7589363097009656,-2.574914989266597,-0.1261922833875162
2024-11-21,0.4407018915578054,477163990.1049621,26445272.17930984,kava,Kava,167474162,0.0554217684647423,-4.529260363021592,-4.540326724687294,-1.812651586546643
2024-11-22,0.4636227172816972,501960415.1551076,36676866.93839544,kava,Kava,173542075,0.0730672495899146,5.200981925189985,5.196625387571885,3.623193528802382
2024-11-23,0.4777684400325427,516319602.7338615,28602240.86211252,kava,Kava,173548299,0.0553963876456878,3.051128045188212,2.86062150425086,0.0035864501447324
2024-11-24,0.508412500147685,550249203.2292529,36650906.02900494,kava,Kava,180680930,0.0666078311679715,6.413998403296595,6.571433723557574,4.109882402246989
2024-11-25,0.5285067576821444,573653523.0014955,48521381.64849268,kava,Kava,183469826,0.0845830796865274,3.952353163744471,4.253403664174238,1.5435475121807318
2024-11-26,0.5123819195922539,554944750.0235012,37950490.01628725,kava,Kava,178860723,0.0683860690900852,-3.0510183371370125,-3.261336717694241,-2.51218584575319
2024-11-27,0.5319498801736093,575607505.7794328,56755150.352232486,kava,Kava,176982351,0.0986004348143099,3.8190185549340505,3.723389716734249,-1.050186965866173
2024-11-28,0.5570320348856301,602638474.6262069,30669502.270095363,kava,Kava,186628957,0.0508920415164638,4.715134949148769,4.6960765061899945,5.450603376830498
2024-11-29,0.5526872786690503,597945020.2581813,31455773.68333182,kava,Kava,184792322,0.0526064648381047,-0.7799831866890483,-0.778817577310631,-0.9841104132623956
2024-11-30,0.6032849731910566,654824426.3308477,30902396.54811952,kava,Kava,194532305,0.0471918812211598,9.154850577319728,9.512480938148292,5.2707725594789645
2024-12-01,0.6142044531448534,664931125.8748919,34155770.43374083,kava,Kava,201855572,0.0513673809280621,1.8100036365962469,1.5434212802162284,3.764550571690384
2024-12-02,0.610320677807722,661010525.8848985,27823520.209290344,kava,Kava,201526713,0.0420924011339196,-0.6323261443718975,-0.5896249757950112,-0.1629179698839356
2024-12-03,0.6285857013046775,680616463.9608465,49616243.47965583,kava,Kava,202951198,0.0728989763058539,2.992692884429804,2.966055351342778,0.7068467394692135
2024-12-04,0.6946627377428464,752275069.5119907,106986107.02679408,kava,Kava,215691643,0.1422167387471675,10.512017104592264,10.52848547537728,6.27759043826881
2024-12-05,0.7045967699703348,762495830.0435543,88923946.07925142,kava,Kava,213695467,0.1166222064115052,1.430051115130615,1.3586467165785487,-0.9254767464495606
2024-12-06,0.715469324981039,774841254.5400424,90875690.87869118,kava,Kava,213736744,0.1172829793796103,1.543088965787054,1.619080919535376,0.019315805140585
2024-12-07,0.71576325563432,774614089.7149769,70617428.89357957,kava,Kava,217013218,0.0911646584166363,0.0410822159690349,-0.0293175955377256,1.5329484012351235
2024-12-08,0.7108701545347049,771149263.1369439,33037389.22993599,kava,Kava,217302498,0.0428417568546247,-0.6836200463068876,-0.4472971282135973,0.1333006360930477
2024-12-09,0.7164433543265682,774032724.5634242,32267976.060505588,kava,Kava,221789220,0.0416881289853805,0.7839968742971326,0.3739174196640826,2.064735583481414
2024-12-10,0.5701490568553647,617173529.3678054,56533064.11230464,kava,Kava,189092008,0.0915999494829495,-20.41952048096184,-20.26518908281194,-14.742471252660517
2024-12-11,0.5392361799725132,583709094.488494,49229469.70320985,kava,Kava,195875911,0.0843390486254968,-5.421893890932717,-5.422208388229199,3.587620160022831
2024-12-12,0.5816385227869493,630390628.0108435,35999228.74272001,kava,Kava,205676197,0.0571062245267085,7.863408352272927,7.997396984752592,5.003313551915012
2024-12-13,0.5915597560595826,639356459.977806,37652869.23514017,kava,Kava,207402493,0.058891825753113,1.705738682007385,1.422266063068478,0.8393270709881939
2024-12-14,0.583761485274159,631833891.2600977,27390126.404703997,kava,Kava,199041975,0.0433502013481399,-1.3182557984282584,-1.1765844546201,-4.031059549510818
2024-12-15,0.5549301871197834,600521669.6117041,22680308.891777266,kava,Kava,191584126,0.0377676777366623,-4.938883239416747,-4.955767976603176,-3.746872487574549
2024-12-16,0.5701810257977284,617939276.6369908,30926453.095603783,kava,Kava,192477609,0.0500477219443223,2.7482445597527327,2.9004127422327386,0.4663658825261985
2024-12-17,0.5635574160494847,609667613.731405,33667132.161498874,kava,Kava,206034085,0.0552221102174721,-1.1616678648639245,-1.3385883076736271,7.043144431412807
2024-12-18,0.5262655667803888,569975482.904943,23171648.700656988,kava,Kava,193277295,0.0406537638821938,-6.617222701195258,-6.510454210209826,-6.191592036822446
2024-12-19,0.4639939717652587,501820047.9117774,29386723.124262214,kava,Kava,185284461,0.0585602812134531,-11.83273216906402,-11.957608184443991,-4.1354231494185605
2024-12-20,0.4234695100638201,458961972.3388727,28340107.22508674,kava,Kava,176942287,0.0617482687741326,-8.73383366324003,-8.540526778722757,-4.502360292372276
2024-12-21,0.4383815444824486,474852656.6408042,27621195.917737857,kava,Kava,174888855,0.0581679296334474,3.52139506251139,3.4623095723927744,-1.160509471656146
2024-12-22,0.4196485532701464,453612437.5572913,16819292.184616614,kava,Kava,174394228,0.0370785516269984,-4.273216208136288,-4.473012583265323,-0.2828236253247795
2024-12-23,0.4256897656690487,462635742.4564629,13705214.06494682,kava,Kava,174261119,0.0296242006555223,1.4395885204001369,1.989210205029246,-0.0763264940167651
2024-12-24,0.4531950724992819,491033803.8503433,20487212.78442036,kava,Kava,175685633,0.0417226118115982,6.461350271600641,6.138319802766379,0.8174594586414896
2024-12-25,0.4835616587703809,522456149.12041306,14091694.91996102,kava,Kava,183270813,0.0269720146727821,6.700555260593011,6.39922242087565,4.317473131112548
2024-12-26,0.4763518614934608,515819456.22354615,12167288.799940886,kava,Kava,182477156,0.023588270378595,-1.4909778610763702,-1.2702870677357647,-0.4330514974034583
2024-12-27,0.4448145707021987,482255527.5845065,12043145.871527009,kava,Kava,175046447,0.0249725408682156,-6.620587288645452,-6.506914044066936,-4.072131089110131
2024-12-28,0.4544915025084953,491701616.4109657,13934997.70680278,kava,Kava,178604474,0.0283403536651298,2.1754979363693527,1.958731063959429,2.032618805453379
2024-12-29,0.482786283076123,522864541.2187133,11765292.690911874,kava,Kava,178389733,0.0225016075167171,6.225590668133307,6.337771479217902,-0.1202327104079192
2024-12-30,0.4686546449489321,507390136.4343211,11006542.243231395,kava,Kava,174069473,0.0216924639500873,-2.927100173010233,-2.9595437373366007,-2.4218097798262894
2024-12-31,0.4583595807727041,496580042.9115175,16246443.064910658,kava,Kava,172021407,0.0327166653127167,-2.196727224873618,-2.1305289059758703,-1.1765796521943872
2024-10-01,0.0144959603391636,5282455.700489706,286858.6696851667,nls,Nolus,752959,0.0543040369763202,-1.0703964502741805,0.1425372711971295,-1.1938739490615524
2024-10-02,0.0140551401753271,5135853.071410263,422768.4460338026,nls,Nolus,747632,0.0823170834826304,-3.0409862715028435,-2.775274179125675,-0.70747544022981
2024-10-03,0.0137734862201752,5048376.821130958,5200.52393754003,nls,Nolus,758075,0.001030137828811,-2.0039213528895927,-1.7032467452439026,1.3968101953902412
2024-10-04,0.0135415901522482,4963478.674564497,4435.378807152121,nls,Nolus,761471,0.0008936028737025,-1.6836410493324627,-1.6816919492044335,0.4479767832997972
2024-10-05,0.0138597218233672,5078285.802661295,10669.88008671846,nls,Nolus,752392,0.0021010790848216,2.34929330708038,2.313037601735468,-1.1922975398931834
2024-10-06,0.0146533204682352,5368440.393273104,41077.708710913495,nls,Nolus,749609,0.007651702487446,5.725934870713023,5.71363255017574,-0.3698869738115284
2024-10-07,0.0157825455026305,5782820.014521215,47637.657491935344,nls,Nolus,749038,0.0082377901045359,7.706274061521912,7.718808273765076,-0.076173044880734
2024-10-08,0.0152316051607254,5586663.647170155,8484.64523107473,nls,Nolus,700174,0.0015187320674607,-3.490820551179896,-3.392053822503427,-6.523567562660371
2024-10-09,0.0156126292041367,5721641.922700346,11812.60369958796,nls,Nolus,690500,0.002064547879643,2.501535717284842,2.416080223454342,-1.3816565596551755
2024-10-10,0.0157795826459569,5781695.786903401,14430.925640539494,nls,Nolus,690317,0.0024959676490119,1.0693486640674266,1.0495914462034683,-0.0265025343953673
2024-10-11,0.0155493320473634,5697185.873009671,16307.752000584676,nls,Nolus,677914,0.0028624223193844,-1.4591678611509562,-1.461680396349474,-1.7967107864937382
2024-10-12,0.0157182202306539,5757427.242574157,1691.1588464532967,nls,Nolus,638386,0.0002937351659344,1.0861442972349034,1.0573881721128275,-5.830828099139418
2024-10-13,0.0133209821187392,4880831.62844625,38620.32734981557,nls,Nolus,634993,0.0079126530660738,-15.251333018222743,-15.22547445577409,-0.5314966180336
2024-10-14,0.0134758922152566,4937648.315534902,4106.4950384723,nls,Nolus,635161,0.0008316702154652,1.1629029686889505,1.1640779976411109,0.0264569845651818
2024-10-15,0.0138221141161094,5064376.7038594615,9166.175866533207,nls,Nolus,630748,0.0018099316860745,2.569194642718031,2.566573806519279,-0.6947844719685237
2024-10-16,0.0136567278279827,5183205.240251925,3987.17848886026,nls,Nolus,636545,0.0007692495867029,-1.1965339508661188,2.346360536369785,0.919067519833594
2024-10-17,0.0133196799006086,5064303.757432845,4507.586515723447,nls,Nolus,653500,0.0008900703298272,-2.4679991548448243,-2.293975972545137,2.663598017422175
2024-10-18,0.013327942155551,5082175.322024325,1011.4847287523688,nls,Nolus,656388,0.0001990259415823,0.0620304316919284,0.3528928249070695,0.4419280795715297
2024-10-19,0.0134057309237256,5125376.585607971,2114.4591968306268,nls,Nolus,653329,0.0004125470902505,0.5836517540873221,0.8500545700662387,-0.466035332760506
2024-10-20,0.0133432295594592,5117335.903202529,1060.7851279247725,nls,Nolus,655938,0.0002072924560728,-0.4662286944437821,-0.1568798364596335,0.3993393833734648
2024-10-21,0.01362380493617,5236571.41298587,8362.742863406193,nls,Nolus,631698,0.0015969882207025,2.102754625186032,2.330030938729677,-3.6954712183163703
2024-10-22,0.0133570722898494,5147539.190429507,2379.6561114206834,nls,Nolus,606146,0.0004622900425595,-1.957842523218034,-1.7002006758769062,-4.044970856326913
2024-10-23,0.0133494772838654,5154603.369072097,1169.4283562934693,nls,Nolus,615846,0.0002268706770554,-0.0568613077710944,0.1372340914999714,1.6002745213199443
2024-10-24,0.0130031114267486,5036734.096095353,6659.04953660374,nls,Nolus,617694,0.001322096701862,-2.594602393424328,-2.286679779941292,0.3000750187546863
2024-10-25,0.0130531480635224,5068843.422972389,2289.452318050689,nls,Nolus,601065,0.0004516715406269,0.3848051064980762,0.6375029188443238,-2.6921096853781967
2024-10-26,0.0129878444306168,5056115.274605138,13867.195256331172,nls,Nolus,615854,0.0027426580493487,-0.5002902946308674,-0.2511055738980916,2.4604660061723798
2024-10-27,0.0130923204670704,5110798.483221786,2818.532163861033,nls,Nolus,620556,0.000551485677456,0.8044139811788753,1.081526145009004,0.7634926459842761
2024-10-28,0.0146540841552993,5734863.949714166,66292.71994826003,nls,Nolus,601644,0.0115595976695426,11.928853194183889,12.210723403419664,-3.047589580956433
2024-10-29,0.0156690189074395,6170756.463710074,43445.08970162836,nls,Nolus,632694,0.0070404803620312,6.9259514370479724,7.600747250815498,5.160859245666871
2024-10-30,0.015369840887842,6045617.449225887,36902.042453358845,nls,Nolus,632090,0.0061039327683699,-1.909360256470305,-2.027936367609451,-0.095464790246158
2024-10-31,0.0154447840315396,6090904.45991483,8405.389679681897,nls,Nolus,628866,0.0013799903996194,0.4875986956820899,0.7490882621880468,-0.5100539480137334
2024-11-01,0.014762272971028,5837527.348710421,10818.747799115024,nls,Nolus,613960,0.0018533099980259,-4.419039198720953,-4.159925884110027,-2.3702982829410413
2024-11-02,0.0148398795544199,5882155.501024274,5599.695232122607,nls,Nolus,608823,0.0009519801425085,0.5257089036638352,0.7645043808439222,-0.836699459248158
2024-11-03,0.0147983400909503,5879837.170111908,3069.8390408274736,nls,Nolus,600456,0.0005220959274913,-0.2799177939233788,-0.0394129483989758,-1.3742910501081562
2024-11-04,0.0136595231379779,5443648.26367845,11543.527011004153,nls,Nolus,585767,0.0021205497585187,-7.695572246435745,-7.418384111904852,-2.446307472987197
2024-11-05,0.0137835360988648,5503415.863137943,3473.941151074716,nls,Nolus,611041,0.0006312336260727,0.9078864586574475,1.097932793679535,4.314684849095296
2024-11-06,0.0138297229508881,5532118.354660367,2763.0706126282703,nls,Nolus,597488,0.0004994597793267,0.3350871045864734,0.5215395717171667,-2.218018103531516
2024-11-07,0.0138980251167206,5578880.282003229,13995.513854369883,nls,Nolus,601093,0.0025086600082668,0.4938794947307423,0.8452806745081531,0.6033593980130147
2024-11-08,0.0141604948465448,5696926.750504875,16952.137424069326,nls,Nolus,443917,0.0029756635755527,1.8885397574102791,2.115952709765967,-26.1483663925549
2024-11-09,0.0140608651023029,5668096.902442233,6826.813205608036,nls,Nolus,488074,0.0012044277511675,-0.7035753010154355,-0.5060596585709454,9.947129756238215
2024-11-10,0.0139038511306772,5621478.225997663,14594.681954070686,nls,Nolus,494144,0.0025962356105151,-1.1166736220233453,-0.8224749373018425,1.243663870642564
2024-11-11,0.0126640350530761,5133608.419559547,48452.38842747852,nls,Nolus,473430,0.0094382711861836,-8.917069565464475,-8.678674662153163,-4.191895479860119
2024-11-12,0.0123516836682179,5024310.394369312,32086.82619051544,nls,Nolus,540206,0.00638631447342,-2.466444411667612,-2.1290682159122,14.104725091354586
2024-11-13,0.0124701360289332,5059581.512843682,22921.52567044024,nls,Nolus,467341,0.0045303204646973,0.9589976872550254,0.7020091456510835,-13.488372954021244
2024-11-14,0.0123003880855386,5004543.031933209,11301.211838331556,nls,Nolus,436053,0.0022581905613,-1.361235699440222,-1.0878069810864588,-6.694897301970082
2024-11-15,0.0119102501128579,4853382.198000428,7740.222669156868,nls,Nolus,419600,0.0015948100424371,-3.1717533623135785,-3.0204722582710786,-3.77316518863533
2024-11-16,0.0117210165088374,4789083.587000423,7787.822331651221,nls,Nolus,400649,0.0016261612874727,-1.588829808168546,-1.3248206792058514,-4.516444232602479
2024-11-17,0.0121324632921525,4966739.781591076,13116.088008467605,nls,Nolus,413088,0.0026407842136368,3.5103336217034986,3.70960730509875,3.1047126038003414
2024-11-18,0.0121685184095275,4993041.79188205,12741.599370203876,nls,Nolus,386719,0.0025518711641708,0.2971788704967393,0.5295628812377107,-6.383385622433957
2024-11-19,0.0120907900404179,4970335.77646259,12578.505553606956,nls,Nolus,417969,0.0025307154524998,-0.6387660888016233,-0.4547531618176448,8.08080285685473
2024-11-20,0.0123315409912433,5080023.590974063,10415.405214604229,nls,Nolus,422854,0.002050267095828,1.991192883348436,2.2068491837293536,1.168746964487788
2024-11-21,0.0120073164304697,4960328.207229611,7354.767513704532,nls,Nolus,428485,0.0014827179183395,-2.629229882979489,-2.356197399498694,1.331665302917795
2024-11-22,0.0123739412675298,5122758.761946027,11774.543071325894,nls,Nolus,424675,0.0022984769766618,3.053345343092162,3.2745928884237108,-0.8891793178290919
2024-11-23,0.0124819590145318,5180492.098545523,13720.249469516715,nls,Nolus,427870,0.0026484452072359,0.8729453669339193,1.126996981164985,0.7523400247247958
2024-11-24,0.0130859123998915,5444060.565136342,22584.045173146347,nls,Nolus,426775,0.0041483824257529,4.838610547083211,5.087711004613227,-0.2559188538574841
2024-11-25,0.0137990783793798,5753165.836519199,46408.34023503032,nls,Nolus,414626,0.0080665743963863,5.449875848887342,5.677844096047746,-2.846699080311643
2024-11-26,0.0138454628781825,5785713.782055898,10528.922476214935,nls,Nolus,463479,0.0018198139197396,0.3361420054838193,0.5657397415887999,11.782425607656055
2024-11-27,0.0136466407815948,5720864.666985128,8851.92145649524,nls,Nolus,431782,0.0015473048169762,-1.436009025750662,-1.1208490000299665,-6.838929056116894
2024-11-28,0.0149583965408938,6276183.782807689,46544.264550681255,nls,Nolus,434718,0.0074160136416303,9.612297856247,9.70690880047005,0.6799727640337094
2024-11-29,0.0137134161338222,5767995.47997244,18039.238568382272,nls,Nolus,444327,0.0031274709959496,-8.322953624527795,-8.097090850451616,2.210398465211938
2024-11-30,0.0133176553392733,5614143.673366043,28184.88680581989,nls,Nolus,339487,0.0050203358598625,-2.885938782043107,-2.667335769256396,-23.595235040859556
2024-12-01,0.0134833549101337,5696973.790035664,22908.26910581207,nls,Nolus,314184,0.0040211294540059,1.2442097849741265,1.475382916589285,-7.453304544798478
2024-12-02,0.0133556030822029,5656408.957308751,11465.351110892629,nls,Nolus,355078,0.0020269664370851,-0.9474780481727452,-0.7120417650132715,13.015939704122426
2024-12-03,0.0134033758926931,5689278.142467072,7980.044308524826,nls,Nolus,416718,0.0014026461896736,0.3576986392612946,0.581096335261444,17.359566067173972
2024-12-04,0.0131486085751087,5600699.912933666,9903.622581563872,nls,Nolus,477681,0.0017682830245365,-1.9007697734065632,-1.55693266026532,14.6293176680633
2024-12-05,0.0130879502050654,5581186.181447825,41964.43498623922,nls,Nolus,554481,0.007518909712371,-0.4613291946201636,-0.3484159442425749,16.077675268641634
2024-12-06,0.0130546735246002,5577587.412333276,19570.618922677226,nls,Nolus,530001,0.0035087964519215,-0.2542543327552993,-0.0644803630904133,-4.414939375740556
2024-12-07,0.0139005320758705,5950629.941258512,37708.03028759381,nls,Nolus,510231,0.0063368131878183,6.479354306917839,6.688241731547873,-3.730181641166719
2024-12-08,0.0147390789133424,6319214.644064511,29947.70663429623,nls,Nolus,506666,0.0047391500876498,6.032480144609398,6.194045108576307,-0.6987031364225182
2024-12-09,0.0146892547064408,6311183.767853429,10551.882018209162,nls,Nolus,522392,0.0016719338885291,-0.3380415234528477,-0.1270866185662078,3.103819873447211
2024-12-10,0.0142283083973764,6127089.828891808,43445.46455901783,nls,Nolus,474794,0.0070907177424026,-3.1379829560878703,-2.916947845811735,-9.111548415749091
2024-12-11,0.0136760897763349,5905731.5177058885,46801.68585576708,nls,Nolus,313345,0.0079247906403214,-3.881126312551131,-3.612780575569863,-34.00401016019578
2024-12-12,0.0133853025386966,5796241.764158402,32929.29075792439,nls,Nolus,231109,0.0056811451450396,-2.1262454575391665,-1.8539575193898927,-26.24455472402624
2024-12-13,0.0128678318351658,5583232.199659009,57269.01445459857,nls,Nolus,276087,0.010257322713194,-3.865961953678632,-3.67495996831182,19.46181239155551
2024-12-14,0.012501968316645,5431994.925403332,54227.03753933445,nls,Nolus,285077,0.0099828954710056,-2.843241372807604,-2.708776365505872,3.256219959650397
2024-12-15,0.0124726477801984,5434839.161901862,19048.394932872907,nls,Nolus,291711,0.0035048681967263,-0.2345273616443211,0.0523608091979044,2.327090575528712
2024-12-16,0.0125243305391615,5479471.753660123,20533.146489398405,nls,Nolus,318010,0.0037472857626618,0.4143687841898558,0.8212311427932217,9.015429654692486
2024-12-17,0.0124935846117719,5470719.977518065,17875.262034495103,nls,Nolus,317809,0.0032674423307998,-0.2454895875950269,-0.1597193403946706,-0.063205559573598
2024-12-18,0.0125760886055061,5516909.898510526,28739.137185261967,nls,Nolus,329415,0.0052092815931289,0.6603708727156432,0.8443115564729764,3.651878958745658
2024-12-19,0.0128002141712035,5637548.134716244,39645.82103108359,nls,Nolus,289372,0.0070324580976866,1.782156382067046,2.186699410086224,-12.15579132704947
2024-12-20,0.0118881363525888,5236642.082727114,46455.76604561359,nls,Nolus,470301,0.0088712891413461,-7.125488733357077,-7.111354837404127,62.52470867948523
2024-12-21,0.0120864378860207,5341238.828921788,58163.17133176136,nls,Nolus,341752,0.0108894534011134,1.6680624073482253,1.997401092957718,-27.33334609112037
2024-12-22,0.0121391707239028,5368738.97653232,18125.357695896677,nls,Nolus,316357,0.0033760921838677,0.4362975955312764,0.5148645939893726,-7.43082703246799
2024-12-23,0.0121258496036274,5376326.69234269,19327.33984401549,nls,Nolus,299556,0.0035948968412843,-0.1097366581156888,0.1413314345051652,-5.310772323672309
2024-12-24,0.0120165218111831,5323235.630650752,10914.494331285625,nls,Nolus,300635,0.0020503496535905,-0.90160933887522,-0.9874969422441148,0.3601997623148945
2024-12-25,0.0117855722260825,5247018.570494331,10762.057231667708,nls,Nolus,295684,0.0020510804539908,-1.9219337236646816,-1.4317806958904722,-1.646847506112059
2024-12-26,0.011755115364417,5241301.282049093,3454.9080669084656,nls,Nolus,296108,0.0006591699047603,-0.2584249714924991,-0.108962611212926,0.1433963285128792
2024-12-27,0.0115011445105446,5139753.378729474,5841.23160110166,nls,Nolus,272693,0.0011364809107914,-2.1605134956064864,-1.9374559456715512,-7.907587772029123
2024-12-28,0.0114860491256088,5145707.1415703455,3492.234735948602,nls,Nolus,298358,0.0006786695472301,-0.1312511543702266,0.1158375198605954,9.411682734797
2024-12-29,0.0112301578468717,5044355.635452965,16573.161692804377,nls,Nolus,303343,0.0032854863714057,-2.227844195499573,-1.96963222602774,1.6708115753557795
2024-12-30,0.0112195167502177,5053708.017835095,12510.420896971456,nls,Nolus,306153,0.0024754934105454,-0.0947546490358997,0.1854029148222302,0.926344105517507
2024-12-31,0.0112390476873268,5066147.240796998,9726.775535652538,nls,Nolus,330908,0.0019199551598745,0.1740800209485193,0.2461405153998619,8.085826367861815
2024-10-01,0.0075216501433892,19324229.21829165,92648.37138511952,stars,Stargaze,118313,0.0047944148425553,-8.095128644141392,-8.158701142333236,-8.339208379494412
2024-10-02,0.0071497807149985,18385494.791372333,141496.8690291852,stars,Stargaze,119917,0.0076961142811116,-4.943987307327358,-4.857810452955846,1.355725913466821
2024-10-03,0.0070641006594056,18151804.3448013,91185.38396477984,stars,Stargaze,113040,0.0050234886974691,-1.1983592086009076,-1.2710587842362342,-5.734799903266429
2024-10-04,0.0067953952095415,17465297.000827342,89627.15595327484,stars,Stargaze,107368,0.0051317281320225,-3.803816831322704,-3.7820336256024767,-5.017692852087752
2024-10-05,0.0071688061832392,18415929.38211621,86917.6797606457,stars,Stargaze,110439,0.0047197009695884,5.495058965421551,5.442978617791816,2.860256314730636
2024-10-06,0.007063352866613,18151786.213867813,82434.03292966126,stars,Stargaze,106182,0.0045413730614942,-1.4710024783876952,-1.4343189679305923,-3.854616575666203
2024-10-07,0.0070455730629507,18077431.777946167,106403.8641332902,stars,Stargaze,120153,0.0058860055698342,-0.2517190348268139,-0.4096260006898999,13.157597332881288
2024-10-08,0.0070639083546112,18175311.74173618,141108.92000628568,stars,Stargaze,109402,0.0077637688976885,0.2602384716846373,0.5414483926274638,-8.947758274866214
2024-10-09,0.0068846243844359,17682245.527984697,108599.93902123888,stars,Stargaze,117923,0.0061417504269672,-2.538027975097678,-2.7128349750351166,7.788705873750024
2024-10-10,0.0068422785604327,17577340.567636378,87694.48657897639,stars,Stargaze,110673,0.0049890645425873,-0.6150782038146452,-0.5932784961179993,-6.148079679112639
2024-10-11,0.00664730761692,17082610.62964649,106336.68948687449,stars,Stargaze,105238,0.0062248500414994,-2.849503155866584,-2.814589249643318,-4.910863534918186
2024-10-12,0.0069065364019757,17742886.771550044,97351.8191779617,stars,Stargaze,107247,0.0054868083436152,3.899756111719866,3.865194590091869,1.9090062524943496
2024-10-13,0.0071027157340963,18255062.309554745,88369.69851738647,stars,Stargaze,106303,0.0048408324780756,2.8404879190167875,2.8866528012000403,-0.8802111014760361
2024-10-14,0.0070665579960797,18159383.590592783,106878.89316929328,stars,Stargaze,115211,0.0058856013826736,-0.5090691978986484,-0.5241215687983858,8.37981994863739
2024-10-15,0.0073675849291194,18904360.00619344,94615.02068917031,stars,Stargaze,118949,0.0050049311723947,4.259880598258681,4.102432287330404,3.244481863710935
2024-10-16,0.0073501948219012,18877044.55030708,122754.43574204264,stars,Stargaze,117041,0.0065028418730963,-0.2360353818181892,-0.144492888822556,-1.6040487940209625
2024-10-17,0.0073111196415849,18798339.42834732,65864.96402918771,stars,Stargaze,112871,0.0035037650150026,-0.5316210149946765,-0.4169356159011483,-3.5628540426004607
2024-10-18,0.0071016321891089,18239834.19377745,74232.10487195238,stars,Stargaze,114235,0.0040697795869919,-2.865326553876657,-2.9710349507130696,1.2084592145015003
2024-10-19,0.0071451375771234,18367615.163864736,81649.13240076118,stars,Stargaze,113735,0.0044452767369273,0.6126111132776169,0.7005599323423706,-0.4376942268131456
2024-10-20,0.0072687983140192,18777327.64508676,108336.84809254034,stars,Stargaze,118698,0.0057695562510402,1.7306977725894734,2.2306242675862675,4.363652349760416
2024-10-21,0.0075660827729975,19549533.378868066,91121.48917234816,stars,Stargaze,120395,0.0046610569882371,4.0898707893011865,4.112436808777531,1.4296786803484451
2024-10-22,0.0078823869651373,20378376.95079072,177365.7463899143,stars,Stargaze,104606,0.0087036247694413,4.180554213187571,4.239710257323015,-13.11433199053117
2024-10-23,0.0074780435855971,19341567.849586423,168073.91649496596,stars,Stargaze,95552,0.008689777261183,-5.129707299685792,-5.087790375592538,-8.655335258015795
2024-10-24,0.0073363163423893,18962172.562617227,107026.71925721595,stars,Stargaze,95530,0.0056442224066778,-1.8952449472324997,-1.9615539439182927,-0.0230241125251162
2024-10-25,0.0073912490610559,19115881.18540908,117146.7796744579,stars,Stargaze,93809,0.0061282437643457,0.7487779439012465,0.810606602615116,-1.8015283157123416
2024-10-26,0.0067166011388411,17400075.860592898,95538.72762927468,stars,Stargaze,87938,0.0054907075345371,-9.127657810497212,-8.97581078357943,-6.258461341662313
2024-10-27,0.0064726101664356,16751221.32770817,120485.25467032648,stars,Stargaze,82926,0.0071926250816728,-3.632655376758853,-3.7290327817146585,-5.699470081193569
2024-10-28,0.0063240766984962,16362398.586340696,91854.97069518986,stars,Stargaze,80357,0.0056137839578037,-2.294800152025034,-2.3211605515851,-3.09794274413332
2024-10-29,0.0062986975265282,16314132.159438252,106823.71963500972,stars,Stargaze,84735,0.0065479253564345,-0.4013103126027428,-0.2949838108866176,5.448187463444376
2024-10-30,0.006352269507666,16446630.58285019,158820.2541398916,stars,Stargaze,83712,0.0096567046569102,0.8505247459833276,0.8121696092506125,-1.2072933262524344
2024-10-31,0.00632029826127,16359714.76681602,113255.3464057751,stars,Stargaze,82302,0.0069228191334669,-0.5033043128510384,-0.5284718690331758,-1.6843463302752326
2024-11-01,0.0059424743424853,15390347.503676623,118029.3588349184,stars,Stargaze,78641,0.0076690509299235,-5.977944444488303,-5.925331076710794,-4.448251561322936
2024-11-02,0.0057769369038435,14960990.47078634,97064.274267244,stars,Stargaze,133727,0.0064878240820203,-2.785665180887076,-2.789781275489178,70.04743072951769
2024-11-03,0.0056583844443143,14645706.361728586,78711.84331838436,stars,Stargaze,133728,0.005374397203816,-2.0521681559362404,-2.1073745730497806,0.000747792143696
2024-11-04,0.0055977107550314,14503264.202626323,82902.38551537546,stars,Stargaze,133727,0.0057161190996136,-1.0722793737338976,-0.9725864740432466,-0.0007477865518024
2024-11-05,0.0054703309076827,14204216.08087688,68631.06372229761,stars,Stargaze,133728,0.004831738923959,-2.275570370159674,-2.061936661784669,0.000747792143696
2024-11-06,0.0055713060991275,14440105.30145624,61906.38206561126,stars,Stargaze,133728,0.0042871143092958,1.8458698961533404,1.6606986210026653,0.0
2024-11-07,0.0058743852093889,15230211.938139811,116925.18173698128,stars,Stargaze,133728,0.0076771867792709,5.440001049463228,5.471612707726536,0.0
2024-11-08,0.0058751162640109,15236938.963432455,88397.90113028503,stars,Stargaze,133728,0.0058015524865219,0.0124447852154263,0.0441689539184775,0.0
2024-11-09,0.0059538927452192,15439547.803123912,223334.8086035649,stars,Stargaze,133728,0.0144651133214132,1.3408497409802766,1.3297214104335486,0.0
2024-11-10,0.006027322932116,15698730.31399262,131329.82995693828,stars,Stargaze,133728,0.0083656338652993,1.2333139013247507,1.6786923695800704,0.0
2024-11-11,0.0063875471987846,16560339.599379703,153301.08406837162,stars,Stargaze,133727,0.0092571220021426,5.976521761414921,5.488401088202122,-0.0007477865518024
2024-11-12,0.0066612435850048,17191431.490117807,153933.50535026367,stars,Stargaze,133728,0.0089540830522897,4.284843269295702,3.8108632190232417,0.000747792143696
2024-11-13,0.0060477384789807,15692358.825641643,140267.9730757625,stars,Stargaze,133728,0.0089386162166112,-9.21006863350926,-8.719882723773642,0.0
2024-11-14,0.0056878894976036,14751241.140224485,145972.0172718892,stars,Stargaze,133728,0.0098955752864648,-5.95014124085822,-5.997299041361148,0.0
2024-11-15,0.0055792602439419,14481818.42917751,101433.90208767416,stars,Stargaze,133728,0.0070042241299827,-1.909834108194308,-1.8264409651083449,0.0
2024-11-16,0.0058058582082327,15087467.355500696,109656.2078328615,stars,Stargaze,133727,0.0072680328148569,4.061433852934115,4.182133129793586,-0.0007477865518024
2024-11-17,0.0061792632482921,16019886.596152198,147920.82533241398,stars,Stargaze,133728,0.0092335750596351,6.431521864070766,6.180091188807468,0.000747792143696
2024-11-18,0.0062123819777683,16085707.37383865,163443.2067381494,stars,Stargaze,133727,0.0101607721028152,0.5359656668662449,0.4108691861917535,-0.0007477865518024
2024-11-19,0.0071920545832787,18692304.46512894,258363.00734283827,stars,Stargaze,133728,0.0138218916680296,15.769677541019412,16.20442937765725,0.000747792143696
2024-11-20,0.0071216964760483,18512308.44440667,189614.7832802023,stars,Stargaze,133728,0.010242633102707,-0.9782754902061264,-0.962941840895315,0.0
2024-11-21,0.0065444455655793,17008410.558533676,243433.8577478725,stars,Stargaze,133728,0.0143125577143205,-8.105525311425609,-8.12377284221073,0.0
2024-11-22,0.0067126972947309,17443635.137204807,279840.8209387737,stars,Stargaze,133728,0.0160425747694018,2.5709088335386765,2.55887860404902,0.0
2024-11-23,0.0068371486766867,17778702.004532862,182626.83642070607,stars,Stargaze,133728,0.0102722255187214,1.8539698200538133,1.920854596490651,0.0
2024-11-24,0.0075071240053261,19557439.17904195,317633.703503118,stars,Stargaze,133728,0.0162410681989234,9.799045776550177,10.004876475546864,0.0
2024-11-25,0.0079576126290487,20688243.944953937,317445.92067760136,stars,Stargaze,133728,0.0153442661214863,6.000815004561599,5.781967442464442,0.0
2024-11-26,0.0076203236792783,19773343.978944395,196984.21606789203,stars,Stargaze,133728,0.0099621094073744,-4.238569599872255,-4.422318145724957,0.0
2024-11-27,0.0073719500768173,19207122.94998371,176450.96436067042,stars,Stargaze,133728,0.0091867462305602,-3.25935764561206,-2.8635572696435463,0.0
2024-11-28,0.0075480711242775,19767567.810512044,83705.10817151595,stars,Stargaze,133728,0.0042344667272117,2.3890699967436646,2.917901145256163,0.0
2024-11-29,0.0074977682677084,19460695.624448903,223280.80888284656,stars,Stargaze,133728,0.0114734238277861,-0.666433261437327,-1.5524023441060408,0.0
2024-11-30,0.00776958590935,20214035.868828703,134379.89856613756,stars,Stargaze,133728,0.0066478510000746,3.625313985926648,3.871085900101967,0.0
2024-12-01,0.0079378664246639,20622815.221641198,110652.7905897401,stars,Stargaze,133728,0.0053655521518528,2.1658878256485936,2.0222550086737234,0.0
2024-12-02,0.0080959846520622,21071461.25947082,132973.61699378313,stars,Stargaze,133728,0.00631060254229,1.9919487043395407,2.1754839628239875,0.0
2024-12-03,0.007781195063627,20230154.249299727,224987.1450215746,stars,Stargaze,133728,0.0111213756577937,-3.888218690669243,-3.9926372443342406,0.0
2024-12-04,0.0081803202626914,21289208.355058897,180616.6418040605,stars,Stargaze,135984,0.0084839529395249,5.129356041080335,5.235027339427378,1.6870064608758062
2024-12-05,0.0086916139761992,22746221.6726964,238038.29574359744,stars,Stargaze,130596,0.010464959814813,6.250289684129862,6.843905575715215,-3.96223085068832
2024-12-06,0.0085233406310937,22193616.306899603,161955.66041200815,stars,Stargaze,129610,0.0072973984127885,-1.9360425528131109,-2.429438056783384,-0.7550001531440476
2024-12-07,0.0096770295329893,25201607.75296787,278558.6587298681,stars,Stargaze,172477,0.0110532098372598,13.535642324171503,13.553408351630992,33.07383689530128
2024-12-08,0.0094900545777332,24737598.010535996,178394.63996998407,stars,Stargaze,165679,0.0072114778441303,-1.9321523678187515,-1.8411910342396087,-3.941395084562005
2024-12-09,0.0093967353167435,24499648.022171363,170441.0624799503,stars,Stargaze,164773,0.0069568780059904,-0.9833374531755812,-0.9618960913799436,-0.5468405772608431
2024-12-10,0.0077066212105263,20586540.48873516,333052.1218030109,stars,Stargaze,144633,0.016178149115693,-17.986184022930164,-15.97209694561722,-12.222876320756438
2024-12-11,0.0075029944612975,19555871.59015867,166880.64482172654,stars,Stargaze,150487,0.0085335314282646,-2.6422311888211647,-5.006518210966371,4.0474857051986834
2024-12-12,0.0079709078600885,20760110.28636264,147438.03703101503,stars,Stargaze,146596,0.007101987176237,6.236355380570324,6.157939269809831,-2.585605401130997
2024-12-13,0.0078254676303678,20378667.50612157,135365.81828074844,stars,Stargaze,183977,0.0066425254860302,-1.82463820023534,-1.837383207408272,25.49933149608448
2024-12-14,0.007840564631955,20438809.055002272,85545.55023335152,stars,Stargaze,170059,0.0041854469114683,0.1929213984435351,0.2951201243291956,-7.5650760692912655
2024-12-15,0.0076757924543226,20019975.193023577,175777.05501180477,stars,Stargaze,174404,0.0087800835573991,-2.101534587967646,-2.049208742307751,2.554995619167455
2024-12-16,0.0076631586541857,19968925.49933617,112859.31552403954,stars,Stargaze,166925,0.0056517470370547,-0.1645927793391344,-0.2549937909273714,-4.288319075250568
2024-12-17,0.0071588791216889,18660121.0045886,115078.46809017612,stars,Stargaze,151115,0.0061670804847341,-6.580570170256417,-6.554205907529065,-9.471319454844997
2024-12-18,0.0066127966431091,17235067.49190605,94951.08699187372,stars,Stargaze,127990,0.0055091798762299,-7.628044408870604,-7.636893203061879,-15.302914998511064
2024-12-19,0.0060993094492699,15926176.520633176,123564.51175837664,stars,Stargaze,130255,0.0077585798197258,-7.765053449425341,-7.594347813767232,1.769669505430116
2024-12-20,0.0056718757083512,14834765.559436014,105124.13644470538,stars,Stargaze,109044,0.0070863362163373,-7.007903836882534,-6.852937739219344,-16.284211738512923
2024-12-21,0.0057954806927615,15086553.915374342,162010.32792150095,stars,Stargaze,121578,0.0107387232916325,2.17926116096594,1.6972857099057492,11.49444261032244
2024-12-22,0.005548490464659,14470646.590458307,101636.27945830332,stars,Stargaze,123138,0.007023617004462,-4.26177294337311,-4.082491789515819,1.2831268815081789
2024-12-23,0.0056753644243512,14827943.193486832,131367.38008452847,stars,Stargaze,126973,0.0088594472186966,2.286639230983134,2.4691129093299846,3.1143919829784483
2024-12-24,0.005901259530803,15419231.304535402,127669.40300165248,stars,Stargaze,131113,0.0082798811743682,3.980274913844584,3.987661021714018,3.260535704441092
2024-12-25,0.0059447860577829,15548048.901845206,80739.4833944377,stars,Stargaze,126427,0.0051929013025457,0.7375802869328707,0.8354346255374789,-3.574016306544736
2024-12-26,0.0060528687584942,15806806.367132314,61760.18136707209,stars,Stargaze,137261,0.0039071890888403,1.8181091743372235,1.6642439634750428,8.569372048692125
2024-12-27,0.0056929889192325,14888700.540839944,64212.91522999149,stars,Stargaze,128972,0.0043128622980799,-5.945607836889232,-5.808294256083391,-6.038860273493563
2024-12-28,0.0056355639113166,14737282.70195845,79798.0834520314,stars,Stargaze,139351,0.0054147080615768,-1.008696990818625,-1.0169983503003022,8.047483174642567
2024-12-29,0.0057710961904352,14954788.3658217,33713.39041648571,stars,Stargaze,133185,0.0022543542303504,2.4049461819869222,1.4758871649679817,-4.424797812717529
2024-12-30,0.0055355848309878,14435340.638041051,38696.59257578181,stars,Stargaze,119877,0.0026806844082228,-4.080877387518056,-3.473454221310257,-9.992116229305104
2024-12-31,0.0054474958186199,14243738.438004032,65598.82692476215,stars,Stargaze,113438,0.0046054501218399,-1.5913225983794632,-1.327313326656765,-5.371338955762994
